Keyword,Category,Current Rank,Previous Rank,Change,Search Volume,Difficulty,Target Rank,Notes,Last Updated
gamification platform,Primary,0,0,0,12000,High,Top 3,Main target keyword,2025-01-27
user engagement,Primary,0,0,0,8900,Medium,Top 3,Key engagement term,2025-01-27
customer loyalty,Primary,0,0,0,6600,Medium,Top 3,Loyalty focus,2025-01-27
customer retention,Primary,0,0,0,5400,Medium,Top 3,Retention focus,2025-01-27
gamification software,Primary,0,0,0,8100,High,Top 5,Software focus,2025-01-27
gamification API,Primary,0,0,0,3200,Medium,Top 5,API focus,2025-01-27
loyalty program platform,Secondary,0,0,0,2100,Medium,Top 10,Platform focus,2025-01-27
rewards system software,Secondary,0,0,0,1800,Medium,Top 10,Rewards focus,2025-01-27
engagement marketing tools,Secondary,0,0,0,1600,Medium,Top 10,Marketing focus,2025-01-27
gamification consulting,Secondary,0,0,0,1200,Low,Top 10,Consulting focus,2025-01-27
gamification implementation,Secondary,0,0,0,1400,Medium,Top 10,Implementation focus,2025-01-27
gamification for business,Long-tail,0,0,0,800,Low,Top 10,Business focus,2025-01-27
how to implement gamification,Long-tail,0,0,0,600,Low,Top 10,How-to focus,2025-01-27
gamification case studies,Long-tail,0,0,0,400,Low,Top 15,Case study focus,2025-01-27
gamification platform pricing,Long-tail,0,0,0,300,Low,Top 15,Pricing focus,2025-01-27
gamification for e-commerce,Long-tail,0,0,0,500,Low,Top 15,Industry specific,2025-01-27
gamification for fitness,Long-tail,0,0,0,400,Low,Top 15,Industry specific,2025-01-27
gamification for education,Long-tail,0,0,0,350,Low,Top 15,Industry specific,2025-01-27
gamification for employee engagement,Long-tail,0,0,0,250,Low,Top 15,Industry specific,2025-01-27
gamification vs loyalty programs,Long-tail,0,0,0,200,Low,Top 15,Comparison focus,2025-01-27
